profile_id,bio_text,user_id
5001,Hi! I am traveler 1001. I love exploring NYC.,1001
5002,Hi! I am traveler 1002. I love exploring NYC.,1002
5003,Hi! I am traveler 1003. I love exploring NYC.,1003
5004,Hi! I am traveler 1004. I love exploring NYC.,1004
5005,Hi! I am traveler 1005. I love exploring NYC.,1005
5006,Hi! I am traveler 1006. I love exploring NYC.,1006
5007,Hi! I am traveler 1007. I love exploring NYC.,1007
5008,Hi! I am traveler 1008. I love exploring NYC.,1008
5009,Hi! I am traveler 1009. I love exploring NYC.,1009
5010,Hi! I am traveler 1010. I love exploring NYC.,1010
5011,Hi! I am traveler 1011. I love exploring NYC.,1011
5012,Hi! I am traveler 1012. I love exploring NYC.,1012
5013,Hi! I am traveler 1013. I love exploring NYC.,1013
5014,Hi! I am traveler 1014. I love exploring NYC.,1014
5015,Hi! I am traveler 1015. I love exploring NYC.,1015
5016,Hi! I am traveler 1016. I love exploring NYC.,1016
5017,Hi! I am traveler 1017. I love exploring NYC.,1017
5018,Hi! I am traveler 1018. I love exploring NYC.,1018
5019,Hi! I am traveler 1019. I love exploring NYC.,1019
5020,Hi! I am traveler 1020. I love exploring NYC.,1020
5021,Hi! I am traveler 1021. I love exploring NYC.,1021
5022,Hi! I am traveler 1022. I love exploring NYC.,1022
5023,Hi! I am traveler 1023. I love exploring NYC.,1023
5024,Hi! I am traveler 1024. I love exploring NYC.,1024
5025,Hi! I am traveler 1025. I love exploring NYC.,1025
5026,Hi! I am traveler 1026. I love exploring NYC.,1026
5027,Hi! I am traveler 1027. I love exploring NYC.,1027
5028,Hi! I am traveler 1028. I love exploring NYC.,1028
5029,Hi! I am traveler 1029. I love exploring NYC.,1029
5030,Hi! I am traveler 1030. I love exploring NYC.,1030
5031,Hi! I am traveler 1031. I love exploring NYC.,1031
5032,Hi! I am traveler 1032. I love exploring NYC.,1032
5033,Hi! I am traveler 1033. I love exploring NYC.,1033
5034,Hi! I am traveler 1034. I love exploring NYC.,1034
5035,Hi! I am traveler 1035. I love exploring NYC.,1035
5036,Hi! I am traveler 1036. I love exploring NYC.,1036
5037,Hi! I am traveler 1037. I love exploring NYC.,1037
5038,Hi! I am traveler 1038. I love exploring NYC.,1038
5039,Hi! I am traveler 1039. I love exploring NYC.,1039
5040,Hi! I am traveler 1040. I love exploring NYC.,1040
5041,Hi! I am traveler 1041. I love exploring NYC.,1041
5042,Hi! I am traveler 1042. I love exploring NYC.,1042
5043,Hi! I am traveler 1043. I love exploring NYC.,1043
5044,Hi! I am traveler 1044. I love exploring NYC.,1044
5045,Hi! I am traveler 1045. I love exploring NYC.,1045
5046,Hi! I am traveler 1046. I love exploring NYC.,1046
5047,Hi! I am traveler 1047. I love exploring NYC.,1047
5048,Hi! I am traveler 1048. I love exploring NYC.,1048
5049,Hi! I am traveler 1049. I love exploring NYC.,1049
5050,Hi! I am traveler 1050. I love exploring NYC.,1050
5051,Hi! I am traveler 1051. I love exploring NYC.,1051
5052,Hi! I am traveler 1052. I love exploring NYC.,1052
5053,Hi! I am traveler 1053. I love exploring NYC.,1053
5054,Hi! I am traveler 1054. I love exploring NYC.,1054
5055,Hi! I am traveler 1055. I love exploring NYC.,1055
5056,Hi! I am traveler 1056. I love exploring NYC.,1056
5057,Hi! I am traveler 1057. I love exploring NYC.,1057
5058,Hi! I am traveler 1058. I love exploring NYC.,1058
5059,Hi! I am traveler 1059. I love exploring NYC.,1059
5060,Hi! I am traveler 1060. I love exploring NYC.,1060
5061,Hi! I am traveler 1061. I love exploring NYC.,1061
5062,Hi! I am traveler 1062. I love exploring NYC.,1062
5063,Hi! I am traveler 1063. I love exploring NYC.,1063
5064,Hi! I am traveler 1064. I love exploring NYC.,1064
5065,Hi! I am traveler 1065. I love exploring NYC.,1065
5066,Hi! I am traveler 1066. I love exploring NYC.,1066
5067,Hi! I am traveler 1067. I love exploring NYC.,1067
5068,Hi! I am traveler 1068. I love exploring NYC.,1068
5069,Hi! I am traveler 1069. I love exploring NYC.,1069
5070,Hi! I am traveler 1070. I love exploring NYC.,1070
5071,Hi! I am traveler 1071. I love exploring NYC.,1071
5072,Hi! I am traveler 1072. I love exploring NYC.,1072
5073,Hi! I am traveler 1073. I love exploring NYC.,1073
5074,Hi! I am traveler 1074. I love exploring NYC.,1074
5075,Hi! I am traveler 1075. I love exploring NYC.,1075
5076,Hi! I am traveler 1076. I love exploring NYC.,1076
5077,Hi! I am traveler 1077. I love exploring NYC.,1077
5078,Hi! I am traveler 1078. I love exploring NYC.,1078
5079,Hi! I am traveler 1079. I love exploring NYC.,1079
5080,Hi! I am traveler 1080. I love exploring NYC.,1080
5081,Hi! I am traveler 1081. I love exploring NYC.,1081
5082,Hi! I am traveler 1082. I love exploring NYC.,1082
5083,Hi! I am traveler 1083. I love exploring NYC.,1083
5084,Hi! I am traveler 1084. I love exploring NYC.,1084
5085,Hi! I am traveler 1085. I love exploring NYC.,1085
5086,Hi! I am traveler 1086. I love exploring NYC.,1086
5087,Hi! I am traveler 1087. I love exploring NYC.,1087
5088,Hi! I am traveler 1088. I love exploring NYC.,1088
5089,Hi! I am traveler 1089. I love exploring NYC.,1089
5090,Hi! I am traveler 1090. I love exploring NYC.,1090
5091,Hi! I am traveler 1091. I love exploring NYC.,1091
5092,Hi! I am traveler 1092. I love exploring NYC.,1092
5093,Hi! I am traveler 1093. I love exploring NYC.,1093
5094,Hi! I am traveler 1094. I love exploring NYC.,1094
5095,Hi! I am traveler 1095. I love exploring NYC.,1095
5096,Hi! I am traveler 1096. I love exploring NYC.,1096
5097,Hi! I am traveler 1097. I love exploring NYC.,1097
5098,Hi! I am traveler 1098. I love exploring NYC.,1098
5099,Hi! I am traveler 1099. I love exploring NYC.,1099
5100,Hi! I am traveler 1100. I love exploring NYC.,1100
5101,Hi! I am traveler 1101. I love exploring NYC.,1101
5102,Hi! I am traveler 1102. I love exploring NYC.,1102
5103,Hi! I am traveler 1103. I love exploring NYC.,1103
5104,Hi! I am traveler 1104. I love exploring NYC.,1104
5105,Hi! I am traveler 1105. I love exploring NYC.,1105
5106,Hi! I am traveler 1106. I love exploring NYC.,1106
5107,Hi! I am traveler 1107. I love exploring NYC.,1107
5108,Hi! I am traveler 1108. I love exploring NYC.,1108
5109,Hi! I am traveler 1109. I love exploring NYC.,1109
5110,Hi! I am traveler 1110. I love exploring NYC.,1110
5111,Hi! I am traveler 1111. I love exploring NYC.,1111
5112,Hi! I am traveler 1112. I love exploring NYC.,1112
5113,Hi! I am traveler 1113. I love exploring NYC.,1113
5114,Hi! I am traveler 1114. I love exploring NYC.,1114
5115,Hi! I am traveler 1115. I love exploring NYC.,1115
5116,Hi! I am traveler 1116. I love exploring NYC.,1116
5117,Hi! I am traveler 1117. I love exploring NYC.,1117
5118,Hi! I am traveler 1118. I love exploring NYC.,1118
5119,Hi! I am traveler 1119. I love exploring NYC.,1119
5120,Hi! I am traveler 1120. I love exploring NYC.,1120
5121,Hi! I am traveler 1121. I love exploring NYC.,1121
5122,Hi! I am traveler 1122. I love exploring NYC.,1122
5123,Hi! I am traveler 1123. I love exploring NYC.,1123
5124,Hi! I am traveler 1124. I love exploring NYC.,1124
5125,Hi! I am traveler 1125. I love exploring NYC.,1125
5126,Hi! I am traveler 1126. I love exploring NYC.,1126
5127,Hi! I am traveler 1127. I love exploring NYC.,1127
5128,Hi! I am traveler 1128. I love exploring NYC.,1128
5129,Hi! I am traveler 1129. I love exploring NYC.,1129
5130,Hi! I am traveler 1130. I love exploring NYC.,1130
5131,Hi! I am traveler 1131. I love exploring NYC.,1131
5132,Hi! I am traveler 1132. I love exploring NYC.,1132
5133,Hi! I am traveler 1133. I love exploring NYC.,1133
5134,Hi! I am traveler 1134. I love exploring NYC.,1134
5135,Hi! I am traveler 1135. I love exploring NYC.,1135
5136,Hi! I am traveler 1136. I love exploring NYC.,1136
5137,Hi! I am traveler 1137. I love exploring NYC.,1137
5138,Hi! I am traveler 1138. I love exploring NYC.,1138
5139,Hi! I am traveler 1139. I love exploring NYC.,1139
5140,Hi! I am traveler 1140. I love exploring NYC.,1140
5141,Hi! I am traveler 1141. I love exploring NYC.,1141
5142,Hi! I am traveler 1142. I love exploring NYC.,1142
5143,Hi! I am traveler 1143. I love exploring NYC.,1143
5144,Hi! I am traveler 1144. I love exploring NYC.,1144
5145,Hi! I am traveler 1145. I love exploring NYC.,1145
5146,Hi! I am traveler 1146. I love exploring NYC.,1146
5147,Hi! I am traveler 1147. I love exploring NYC.,1147
5148,Hi! I am traveler 1148. I love exploring NYC.,1148
5149,Hi! I am traveler 1149. I love exploring NYC.,1149
5150,Hi! I am traveler 1150. I love exploring NYC.,1150
