user_id,email,phone_number,registration_date
1001,user_1001@gmail.com,555-902-8861,2023-06-13
1002,user_1002@gmail.com,555-387-9157,2023-12-25
1003,user_1003@gmail.com,555-799-2217,2023-09-06
1004,user_1004@gmail.com,555-478-2556,2023-10-21
1005,user_1005@gmail.com,555-648-2579,2023-11-26
1006,user_1006@gmail.com,555-306-1810,2023-03-08
1007,user_1007@gmail.com,555-798-2595,2023-07-24
1008,user_1008@gmail.com,555-578-3823,2023-12-17
1009,user_1009@gmail.com,555-330-7187,2023-08-12
1010,user_1010@gmail.com,555-492-2426,2023-03-22
1011,user_1011@gmail.com,555-641-2269,2023-03-16
1012,user_1012@gmail.com,555-371-8947,2023-05-25
1013,user_1013@gmail.com,555-523-6688,2023-07-11
1014,user_1014@gmail.com,555-891-3921,2023-06-04
1015,user_1015@gmail.com,555-716-7186,2023-01-25
1016,user_1016@gmail.com,555-760-7294,2023-12-20
1017,user_1017@gmail.com,555-601-1599,2023-03-18
1018,user_1018@gmail.com,555-475-3000,2023-12-19
1019,user_1019@gmail.com,555-153-4679,2023-09-25
1020,user_1020@gmail.com,555-276-3398,2023-04-19
1021,user_1021@gmail.com,555-693-4832,2023-08-20
1022,user_1022@gmail.com,555-799-8880,2023-02-09
1023,user_1023@gmail.com,555-194-4143,2023-06-24
1024,user_1024@gmail.com,555-193-6738,2023-12-23
1025,user_1025@gmail.com,555-374-2424,2023-10-30
1026,user_1026@gmail.com,555-441-6875,2023-12-30
1027,user_1027@gmail.com,555-230-1513,2023-06-13
1028,user_1028@gmail.com,555-913-2393,2023-07-23
1029,user_1029@gmail.com,555-533-4629,2023-04-05
1030,user_1030@gmail.com,555-378-5169,2023-02-21
1031,user_1031@gmail.com,555-335-1281,2023-03-09
1032,user_1032@gmail.com,555-628-8397,2023-03-21
1033,user_1033@gmail.com,555-407-6668,2023-12-22
1034,user_1034@gmail.com,555-600-3523,2023-03-25
1035,user_1035@gmail.com,555-995-1512,2023-06-27
1036,user_1036@gmail.com,555-364-4063,2023-02-06
1037,user_1037@gmail.com,555-190-2385,2023-04-24
1038,user_1038@gmail.com,555-878-7880,2023-09-07
1039,user_1039@gmail.com,555-849-5603,2023-08-06
1040,user_1040@gmail.com,555-537-9023,2023-05-01
1041,user_1041@gmail.com,555-163-9256,2023-03-09
1042,user_1042@gmail.com,555-336-2288,2023-05-18
1043,user_1043@gmail.com,555-998-2228,2023-10-31
1044,user_1044@gmail.com,555-696-2985,2023-11-30
1045,user_1045@gmail.com,555-389-5200,2023-01-17
1046,user_1046@gmail.com,555-324-1205,2023-10-02
1047,user_1047@gmail.com,555-363-7143,2023-10-18
1048,user_1048@gmail.com,555-431-3342,2023-12-03
1049,user_1049@gmail.com,555-406-7485,2023-03-31
1050,user_1050@gmail.com,555-754-4816,2023-03-08
1051,user_1051@gmail.com,555-543-8338,2023-06-19
1052,user_1052@gmail.com,555-279-8119,2023-07-24
1053,user_1053@gmail.com,555-490-2520,2023-02-06
1054,user_1054@gmail.com,555-352-7285,2023-03-10
1055,user_1055@gmail.com,555-683-4278,2023-05-22
1056,user_1056@gmail.com,555-269-8435,2023-12-20
1057,user_1057@gmail.com,555-989-6491,2023-08-20
1058,user_1058@gmail.com,555-963-9440,2023-05-08
1059,user_1059@gmail.com,555-769-8630,2023-10-17
1060,user_1060@gmail.com,555-215-1105,2023-07-25
1061,user_1061@gmail.com,555-119-4904,2023-07-22
1062,user_1062@gmail.com,555-132-3064,2023-06-09
1063,user_1063@gmail.com,555-118-6118,2024-01-01
1064,user_1064@gmail.com,555-676-1834,2023-10-29
1065,user_1065@gmail.com,555-969-8640,2023-04-20
1066,user_1066@gmail.com,555-340-1488,2023-04-10
1067,user_1067@gmail.com,555-668-4937,2023-07-15
1068,user_1068@gmail.com,555-883-3303,2023-02-11
1069,user_1069@gmail.com,555-579-5797,2023-05-13
1070,user_1070@gmail.com,555-494-4260,2023-05-27
1071,user_1071@gmail.com,555-748-9552,2023-06-09
1072,user_1072@gmail.com,555-632-4885,2023-04-06
1073,user_1073@gmail.com,555-692-3936,2023-12-19
1074,user_1074@gmail.com,555-641-7065,2023-08-30
1075,user_1075@gmail.com,555-529-4782,2023-01-26
1076,user_1076@gmail.com,555-440-5377,2023-03-20
1077,user_1077@gmail.com,555-787-5144,2023-12-23
1078,user_1078@gmail.com,555-345-7702,2023-10-09
1079,user_1079@gmail.com,555-423-2393,2023-01-03
1080,user_1080@gmail.com,555-344-2282,2023-11-09
1081,user_1081@gmail.com,555-240-1431,2023-08-08
1082,user_1082@gmail.com,555-448-8863,2023-08-28
1083,user_1083@gmail.com,555-235-6788,2023-11-16
1084,user_1084@gmail.com,555-402-5140,2023-04-16
1085,user_1085@gmail.com,555-811-1555,2023-01-21
1086,user_1086@gmail.com,555-121-1154,2023-04-21
1087,user_1087@gmail.com,555-358-3300,2023-10-15
1088,user_1088@gmail.com,555-422-7493,2024-01-01
1089,user_1089@gmail.com,555-742-3172,2023-09-14
1090,user_1090@gmail.com,555-235-6752,2023-11-08
1091,user_1091@gmail.com,555-197-3406,2023-04-14
1092,user_1092@gmail.com,555-203-5414,2023-06-06
1093,user_1093@gmail.com,555-582-9922,2023-07-25
1094,user_1094@gmail.com,555-825-4985,2023-03-10
1095,user_1095@gmail.com,555-417-5628,2023-09-17
1096,user_1096@gmail.com,555-795-2198,2023-05-22
1097,user_1097@gmail.com,555-715-7438,2023-10-24
1098,user_1098@gmail.com,555-432-3755,2023-10-16
1099,user_1099@gmail.com,555-368-4777,2023-08-06
1100,user_1100@gmail.com,555-341-6163,2023-04-02
1101,user_1101@gmail.com,555-619-8036,2023-06-13
1102,user_1102@gmail.com,555-803-7746,2024-01-01
1103,user_1103@gmail.com,555-144-8592,2023-09-16
1104,user_1104@gmail.com,555-800-2169,2023-12-08
1105,user_1105@gmail.com,555-103-5727,2023-05-23
1106,user_1106@gmail.com,555-672-8636,2023-08-08
1107,user_1107@gmail.com,555-375-8992,2023-11-19
1108,user_1108@gmail.com,555-462-8364,2023-05-01
1109,user_1109@gmail.com,555-256-2040,2023-10-23
1110,user_1110@gmail.com,555-444-2951,2023-07-08
1111,user_1111@gmail.com,555-241-5230,2023-01-24
1112,user_1112@gmail.com,555-977-6015,2023-08-03
1113,user_1113@gmail.com,555-581-3833,2023-10-13
1114,user_1114@gmail.com,555-449-6532,2023-04-25
1115,user_1115@gmail.com,555-895-2691,2023-02-09
1116,user_1116@gmail.com,555-830-2246,2023-08-10
1117,user_1117@gmail.com,555-178-4929,2023-07-02
1118,user_1118@gmail.com,555-305-1515,2023-11-16
1119,user_1119@gmail.com,555-421-9567,2023-11-06
1120,user_1120@gmail.com,555-122-5003,2023-03-19
1121,user_1121@gmail.com,555-961-2149,2023-06-13
1122,user_1122@gmail.com,555-800-9321,2023-02-25
1123,user_1123@gmail.com,555-238-3252,2023-06-19
1124,user_1124@gmail.com,555-387-8607,2023-07-16
1125,user_1125@gmail.com,555-876-4445,2023-08-27
1126,user_1126@gmail.com,555-772-8841,2023-08-17
1127,user_1127@gmail.com,555-195-5626,2023-09-29
1128,user_1128@gmail.com,555-149-5422,2023-06-28
1129,user_1129@gmail.com,555-209-7637,2023-08-25
1130,user_1130@gmail.com,555-297-7586,2023-02-21
1131,user_1131@gmail.com,555-688-6168,2023-11-09
1132,user_1132@gmail.com,555-997-2580,2023-03-14
1133,user_1133@gmail.com,555-680-3215,2023-02-14
1134,user_1134@gmail.com,555-685-1709,2023-04-08
1135,user_1135@gmail.com,555-743-2817,2023-11-01
1136,user_1136@gmail.com,555-410-6516,2023-09-05
1137,user_1137@gmail.com,555-542-3504,2023-02-26
1138,user_1138@gmail.com,555-694-5364,2023-12-15
1139,user_1139@gmail.com,555-522-5493,2023-01-25
1140,user_1140@gmail.com,555-171-6703,2023-08-31
1141,user_1141@gmail.com,555-132-3326,2023-09-11
1142,user_1142@gmail.com,555-480-6133,2023-12-17
1143,user_1143@gmail.com,555-822-8103,2023-07-22
1144,user_1144@gmail.com,555-391-3259,2023-12-07
1145,user_1145@gmail.com,555-513-9025,2023-04-19
1146,user_1146@gmail.com,555-139-4236,2023-02-06
1147,user_1147@gmail.com,555-328-8513,2023-11-22
1148,user_1148@gmail.com,555-401-4233,2023-04-01
1149,user_1149@gmail.com,555-490-4540,2023-11-24
1150,user_1150@gmail.com,555-209-8559,2023-08-26
